City,Zip_Codes
Chicago,60601
Chicago,60602
Chicago,60603
Chicago,60604
Chicago,60605
Chicago,60606
Chicago,60607
Chicago,60608
Chicago,60609
Chicago,60610
Chicago,60611
Chicago,60612
Chicago,60613
Chicago,60614
Chicago,60615
Chicago,60616
Chicago,60617
Chicago,60618
Chicago,60619
Chicago,60620
Chicago,60621
Chicago,60622
Chicago,60623
Chicago,60624
Chicago,60625
Chicago,60626
Chicago,60628
Chicago,60629
Chicago,60630
Chicago,60631
Chicago,60632
Chicago,60633
Chicago,60634
Chicago,60636
Chicago,60637
Chicago,60638
Chicago,60639
Chicago,60640
Chicago,60641
Chicago,60642
Chicago,60643
Chicago,60644
Chicago,60645
Chicago,60646
Chicago,60647
Chicago,60649
Chicago,60651
Chicago,60652
Chicago,60653
Chicago,60654
Chicago,60655
Chicago,60656
Chicago,60657
Chicago,60659
Chicago,60660
Chicago,60661
Chicago,60664
Chicago,60666
Chicago,60668
Chicago,60669
Chicago,60670
Chicago,60673
Chicago,60674
Chicago,60675
Chicago,60677
Chicago,60678
Chicago,60680
Chicago,60681
Chicago,60682
Chicago,60684
Chicago,60685
Chicago,60686
Chicago,60687
Chicago,60688
Chicago,60689
Chicago,60690
Chicago,60691
Chicago,60693
Chicago,60694
Chicago,60695
Chicago,60696
Chicago,60697
Chicago,60699
Chicago,60701
Chicago,60706
Chicago,60707
Chicago,60803
Chicago,60804
Chicago,60805
Chicago,60827
Los Angeles,90001
Los Angeles,90002
Los Angeles,90003
Los Angeles,90004
Los Angeles,90005
Los Angeles,90006
Los Angeles,90007
Los Angeles,90008
Los Angeles,90009
Los Angeles,90010
Los Angeles,90011
Los Angeles,90012
Los Angeles,90013
Los Angeles,90014
Los Angeles,90015
Los Angeles,90016
Los Angeles,90017
Los Angeles,90018
Los Angeles,90019
Los Angeles,90020
Los Angeles,90021
Los Angeles,90022
Los Angeles,90023
Los Angeles,90024
Los Angeles,90025
Los Angeles,90026
Los Angeles,90027
Los Angeles,90028
Los Angeles,90029
Los Angeles,90030
Los Angeles,90031
Los Angeles,90032
Los Angeles,90033
Los Angeles,90034
Los Angeles,90035
Los Angeles,90036
Los Angeles,90037
Los Angeles,90038
Los Angeles,90039
Los Angeles,90040
Los Angeles,90041
Los Angeles,90042
Los Angeles,90043
Los Angeles,90044
Los Angeles,90045
Los Angeles,90046
Los Angeles,90047
Los Angeles,90048
Los Angeles,90049
Los Angeles,90050
Los Angeles,90051
Los Angeles,90052
Los Angeles,90053
Los Angeles,90054
Los Angeles,90055
Los Angeles,90056
Los Angeles,90057
Los Angeles,90058
Los Angeles,90059
Los Angeles,90060
Los Angeles,90061
Los Angeles,90062
Los Angeles,90063
Los Angeles,90064
Los Angeles,90065
Los Angeles,90066
Los Angeles,90067
Los Angeles,90068
Los Angeles,90069
Los Angeles,90070
Los Angeles,90071
Los Angeles,90072
Los Angeles,90073
Los Angeles,90074
Los Angeles,90075
Los Angeles,90076
Los Angeles,90077
Los Angeles,90078
Los Angeles,90079
Los Angeles,90080
Los Angeles,90081
Los Angeles,90082
Los Angeles,90083
Los Angeles,90084
Los Angeles,90086
Los Angeles,90087
Los Angeles,90088
Los Angeles,90089
Los Angeles,90090
Los Angeles,90091
Los Angeles,90093
Los Angeles,90094
Los Angeles,90095
Los Angeles,90096
Los Angeles,90099
Los Angeles,90134
Los Angeles,90189
Los Angeles,90230
New York,10001
New York,10002
New York,10003
New York,10004
New York,10005
New York,10006
New York,10007
New York,10008
New York,10009
New York,10010
New York,10011
New York,10012
New York,10013
New York,10014
New York,10016
New York,10017
New York,10018
New York,10019
New York,10020
New York,10021
New York,10022
New York,10023
New York,10024
New York,10025
New York,10026
New York,10027
New York,10028
New York,10029
New York,10030
New York,10031
New York,10032
New York,10033
New York,10034
New York,10035
New York,10036
New York,10037
New York,10038
New York,10039
New York,10040
New York,10041
New York,10043
New York,10044
New York,10045
New York,10055
New York,10060
New York,10065
New York,10069
New York,10075
New York,10080
New York,10081
New York,10087
New York,10090
New York,10101
New York,10102
New York,10103
New York,10104
New York,10105
New York,10106
New York,10107
New York,10108
New York,10109
New York,10110
New York,10111
New York,10112
New York,10113
New York,10114
New York,10115
New York,10116
New York,10117
New York,10118
New York,10119
New York,10120
New York,10121
New York,10122
New York,10123
New York,10124
New York,10125
New York,10126
New York,10128
New York,10129
New York,10130
New York,10131
New York,10132
New York,10133
New York,10138
New York,10150
New York,10151
New York,10152
New York,10153
New York,10154
New York,10155
New York,10156
New York,10157
New York,10158
New York,10159
New York,10160
New York,10162
New York,10163
New York,10164
New York,10165
New York,10166
New York,10167
New York,10168
New York,10169
New York,10170
New York,10171
New York,10172
New York,10173
New York,10174
New York,10175
New York,10176
New York,10177
New York,10178
New York,10179
New York,10185
New York,10199
New York,10203
New York,10211
New York,10212
New York,10213
New York,10242
New York,10249
New York,10256
New York,10258
New York,10259
New York,10260
New York,10261
New York,10265
New York,10268
New York,10269
New York,10270
New York,10271
New York,10272
New York,10273
New York,10274
New York,10275
New York,10276
New York,10277
New York,10278
New York,10279
New York,10280
New York,10281
New York,10282
New York,10285
New York,10286
Philadelphia,19019
Philadelphia,19092
Philadelphia,19093
Philadelphia,19099
Philadelphia,19101
Philadelphia,19102
Philadelphia,19103
Philadelphia,19104
Philadelphia,19105
Philadelphia,19106
Philadelphia,19107
Philadelphia,19108
Philadelphia,19109
Philadelphia,19110
Philadelphia,19111
Philadelphia,19112
Philadelphia,19113
Philadelphia,19114
Philadelphia,19115
Philadelphia,19116
Philadelphia,19118
Philadelphia,19119
Philadelphia,19120
Philadelphia,19121
Philadelphia,19122
Philadelphia,19123
Philadelphia,19124
Philadelphia,19125
Philadelphia,19126
Philadelphia,19127
Philadelphia,19128
Philadelphia,19129
Philadelphia,19130
Philadelphia,19131
Philadelphia,19132
Philadelphia,19133
Philadelphia,19134
Philadelphia,19135
Philadelphia,19136
Philadelphia,19137
Philadelphia,19138
Philadelphia,19139
Philadelphia,19140
Philadelphia,19141
Philadelphia,19142
Philadelphia,19143
Philadelphia,19144
Philadelphia,19145
Philadelphia,19146
Philadelphia,19147
Philadelphia,19148
Philadelphia,19149
Philadelphia,19150
Philadelphia,19151
Philadelphia,19152
Philadelphia,19153
Philadelphia,19154
Philadelphia,19155
Philadelphia,19160
Philadelphia,19161
Philadelphia,19162
Philadelphia,19170
Philadelphia,19171
Philadelphia,19172
Philadelphia,19173
Philadelphia,19175
Philadelphia,19176
Philadelphia,19177
Philadelphia,19178
Philadelphia,19179
Philadelphia,19181
Philadelphia,19182
Philadelphia,19183
Philadelphia,19184
Philadelphia,19185
Philadelphia,19187
Philadelphia,19188
Philadelphia,19190
Philadelphia,19191
Philadelphia,19192
Philadelphia,19193
Philadelphia,19194
Philadelphia,19195
Philadelphia,19196
Philadelphia,19197
Philadelphia,19244
Philadelphia,19255
Houston,77001
Houston,77002
Houston,77003
Houston,77004
Houston,77005
Houston,77006
Houston,77007
Houston,77008
Houston,77009
Houston,77010
Houston,77011
Houston,77012
Houston,77013
Houston,77014
Houston,77015
Houston,77016
Houston,77017
Houston,77018
Houston,77019
Houston,77020
Houston,77021
Houston,77022
Houston,77023
Houston,77024
Houston,77025
Houston,77026
Houston,77027
Houston,77028
Houston,77029
Houston,77030
Houston,77031
Houston,77032
Houston,77033
Houston,77034
Houston,77035
Houston,77036
Houston,77037
Houston,77038
Houston,77039
Houston,77040
Houston,77041
Houston,77042
Houston,77043
Houston,77044
Houston,77045
Houston,77046
Houston,77047
Houston,77048
Houston,77049
Houston,77050
Houston,77051
Houston,77052
Houston,77053
Houston,77054
Houston,77055
Houston,77056
Houston,77057
Houston,77058
Houston,77059
Houston,77060
Houston,77061
Houston,77062
Houston,77063
Houston,77064
Houston,77065
Houston,77066
Houston,77067
Houston,77068
Houston,77069
Houston,77070
Houston,77071
Houston,77072
Houston,77073
Houston,77074
Houston,77075
Houston,77076
Houston,77077
Houston,77078
Houston,77079
Houston,77080
Houston,77081
Houston,77082
Houston,77083
Houston,77084
Houston,77085
Houston,77086
Houston,77087
Houston,77088
Houston,77089
Houston,77090
Houston,77091
Houston,77092
Houston,77093
Houston,77094
Houston,77095
Houston,77096
Houston,77098
Houston,77099
Houston,77201
Houston,77202
Houston,77203
Houston,77204
Houston,77205
Houston,77206
Houston,77207
Houston,77208
Houston,77209
Houston,77210
Houston,77212
Houston,77213
Houston,77215
Houston,77216
Houston,77217
Houston,77218
Houston,77219
Houston,77220
Houston,77221
Houston,77222
Houston,77223
Houston,77224
Houston,77225
Houston,77226
Houston,77227
Houston,77228
Houston,77229
Houston,77230
Houston,77231
Houston,77233
Houston,77234
Houston,77235
Houston,77236
Houston,77237
Houston,77238
Houston,77240
Houston,77241
Houston,77242
Houston,77243
Houston,77244
Houston,77245
Houston,77248
Houston,77249
Houston,77251
Houston,77252
Houston,77253
Houston,77254
Houston,77255
Houston,77256
Houston,77257
Houston,77258
Houston,77259
Houston,77261
Houston,77262
Houston,77263
Houston,77265
Houston,77266
Houston,77267
Houston,77268
Houston,77269
Houston,77270
Houston,77271
Houston,77272
Houston,77273
Houston,77274
Houston,77275
Houston,77277
Houston,77279
Houston,77280
Houston,77282
Houston,77284
Houston,77287
Houston,77288
Houston,77289
Houston,77290
Houston,77291
Houston,77292
Houston,77293
Houston,77297
Houston,77299